<?xml version="1.0"?>

<prompts_collection>
    <prompt_set id="bye" timeout="5000">
        <generals>
            <p1>
                <item url="/static/bye.wav">
                    Была рада помочь.
                </item>
            </p1>
        </generals>
    </prompt_set>
    <prompt_set id="byecalllater" timeout="5000">
        <generals>
            <p1>
                <item url="/static/calllater.wav">
                    Благодарю за уделенное Вами время. Я перезвоню Вам позднее. Всего Вам доброго, до свидания!
                </item>
            </p1>
        </generals>
    </prompt_set>
    <prompt_set id="byenotcalllater" timeout="5000">
        <generals>
            <p1>
                <item url="/static/notcalllater.wav">
                    Благодарю за уделенное Вами время. Всего Вам доброго, до свидания!
                </item>
            </p1>
        </generals>
    </prompt_set>
    <prompt_set id="byeerror" timeout="5000">
        <generals>
            <p1>
                <item url="/static/bye_error.wav">
                    Извините за беспокойство, возможно был указан неверный телефон. Всего хорошего
                </item>
            </p1>
        </generals>
    </prompt_set>
    <prompt_set id="byeoperator" timeout="5000">
        <generals>
            <p1>
                <item url="/static/bye_operator.wav">
                    Была рада вам помочь. Перевожу Вас на оператора.
                </item>
            </p1>
        </generals>
    </prompt_set>
</prompts_collection>
