<?xml version="1.0"?>
<promts_collection timeout="5000" bargein="false">
    <promt_set id="callLater_field1" extend="global_commands">
        <generals count="1">
            <p1>
                <item url="/static/callLater.wav">Благодарю за уделенное Вами время. Я перезвоню Вам позднее.
                    Всего Вам доброго, до свидания! До свидания</item>
            </p1>
        </generals>
    </promt_set>
</promts_collection>
