<?xml version="1.0"?>
<promts_collection timeout="5000" bargein="false">
    <promt_set id="cantalk_field1" extend="global_commands">
        <generals count="1">
            <p1>
                <item url="/static/cantalk.wav">Вам удобно сейчас говорить?</item>
            </p1>
        </generals>
        <nomatches count="2">
            <p1>
                <item url="/static/nomatch.wav">Пожалуйста, повторите!</item>
            </p1>
        </nomatches>
        <noinputs count="2">
            <p1>
                <item url="/static/noinput.wav">Извините, я Вас не расслышала</item>
            </p1>
        </noinputs>
    </promt_set>
</promts_collection>
