<?xml version="1.0"?>
<promts_collection timeout="5000" bargein="false">
    <promt_set id="hello_field1" extend="global_commands">
        <generals count="1">
            <p1>
                <item url="/static/hello.wav">Алло, здравствуйте! это сервис голосового калькулятора</item>
            </p1>
        </generals>
        <noinputs count="2">
            <p1>
                <item url="/static/noinput.wav">Извините, я Вас не расслышала</item>
            </p1>
        </noinputs>
    </promt_set>
</promts_collection>
