<?xml version="1.0"?>
<promts_collection timeout="5000" bargein="false">
    <promt_set id="numberOne_field1" extend="global_commands">
        <generals count="1">
            <p1>
                <item url="/static/....wav">Назовите первое целое число в диапазоне от 0 до 9.</item>
            </p1>
        </generals>
        <nomatches count="2">
            <p1>
                <item url="/static/nomatch.wav">Не могу разобрать что Вы говорите. Назовите пожалуйста целое число от 0 до 9</item>
            </p1>
        </nomatches>
        <noinputs count="2">
            <p1>
                <item url="/static/noinput.wav">извините, Вас не слышно. Назовите целое число от 0 до 9</item>
            </p1>
        </noinputs>
    </promt_set>
</promts_collection>
