<?xml version="1.0"?>
<promts_collection timeout="5000" bargein="false">
    <promt_set id="operation_field1" extend="global_commands">
        <generals count="1">
            <p1>
                <item url="/static/....wav">Выберете арифметическую операцию: сложение, вычитание, умножение или деление</item>
            </p1>
        </generals>
        <nomatches count="2">
            <p1>
                <item url="/static/nomatch.wav">Не могу разобрать что Вы говорите.
                    Назовите пожалуйста арифметическую операцию: сложение, вычитание, умножение или деление</item>
            </p1>
        </nomatches>
        <noinputs count="1">
            <p1>
                <item url="/static/noinput.wav">извините, Вас не слышно.
                    Назовите пожалуйста арифметическую операцию: сложение, вычитание, умножение или деление</item>
            </p1>
        </noinputs>
    </promt_set>
</promts_collection>
