<?xml version="1.0"?>
<!--bargein="true" - возможность перебить робота
(человек может перебить робота, пока тот говорит. В этом случае робот замолкнет)-->
<prompts_collection>
    <prompt_set id="addition" timeout="7000" bargein="false" extend="global_commands">
        <generals>
            <p1>
                <item url="/static/calculate/add.wav">
                    Результат операции сложения равен
                </item>
                <item dynamic="total"/>
                <item url="/static/calculate/doYouWishToRepeatCalculations.wav"  bargein="true">
                    Хотите попробовать снова? скажите Да или Нет
                </item>
            </p1>
        </generals>
    </prompt_set>
    <prompt_set id="subtraction" timeout="7000" bargein="false">
        <generals>
            <p1>
                <item url="/static/calculate/sub.wav">
                    Результат операции вычитания равен
                </item>
                <item dynamic="total"/>
                <item url="/static/calculate/youWishToRepeatCalculations.wav" bargein="true">
                    Хотите попробовать снова? скажите Да или Нет
                </item>
            </p1>
        </generals>
    </prompt_set>
    <prompt_set id="multiplication" timeout="7000" bargein="false">
        <generals>
            <p1>
                <item url="/static/calculate/mult.wav">
                    Результат операции умножения равен
                </item>
                <item dynamic="total"/>
                <item url="/static/calculate/youWishToRepeatCalculations.wav" bargein="true">
                    Хотите попробовать снова? скажите Да или Нет
                </item>
            </p1>
        </generals>
    </prompt_set>
    <prompt_set id="division" timeout="7000" bargein="false">
        <generals>
            <p1>
                <item url="/static/calculate/div.wav">
                    Результат операции деления равен
                </item>
                <item dynamic="total"/>
                <item url="/static/calculate/youWishToRepeatCalculations.wav" bargein="true">
                    Хотите попробовать снова? скажите Да или Нет
                </item>
            </p1>
        </generals>
    </prompt_set>

</prompts_collection>
