<?xml  version="1.0" encoding="UTF-8"?>
<beans xmlns="http://www.springframework.org/schema/beans"
       xmlns:context="http://www.springframework.org/schema/context"
       xmlns:xsi="http://www.w3.org/2001/XMLSchema-instance"
       xsi:schemaLocation="http://www.springframework.org/schema/beans
       http://www.springframework.org/schema/beans/spring-beans-4.0.xsd
       http://www.springframework.org/schema/context
       http://www.springframework.org/schema/context/spring-context-4.0.xsd">

    <context:component-scan base-package="local.work.vxml.base.http, local.work.vxml.base.impl.asterisk, local.work.vxml.base.impl.shared" />

    <bean id="testDataService" class="local.work.vxml.base.impl.vxml.DummyInputTestDataService" scope="singleton"/>

    <bean id="formService" class="local.work.vxml.base.impl.asterisk.ASTFormService" scope="singleton"/>

    <bean id="mappingStrategy" class="local.work.vxml.base.impl.asterisk.VXMLAppMappingStrategy" scope="singleton"/>

    <bean id="agiServer" class="local.work.vxml.base.impl.asterisk.VXMLAppAgiServer" scope="singleton"/>

    <bean id="agiScript" class="local.work.vxml.base.impl.asterisk.VXMLAppAgiScript" scope="prototype"/>

    <import resource="../app/ast-app-context.xml"/>

    <import resource="global-config.xml"/>

</beans>
